{
  "stats": {
    "research": {
      "count": 579,
      "avg_overall": 1.6358664363845712,
      "avg_dimensions": {
        "anti_pattern_avoidance": 1.920552677029361,
        "best_practice_adherence": 1.998272884283247,
        "completeness": 0.6787564766839378,
        "error_handling": 1.16580310880829,
        "security": 1.1986183074265975,
        "code_quality": 2.853195164075993
      }
    },
    "no-research": {
      "count": 29,
      "avg_overall": 3.7241379310344827,
      "avg_dimensions": {
        "anti_pattern_avoidance": 3.7241379310344827,
        "best_practice_adherence": 4.206896551724138,
        "completeness": 4.068965517241379,
        "error_handling": 3.3793103448275863,
        "security": 2.8275862068965516,
        "code_quality": 4.137931034482759
      }
    }
  },
  "pairs": [
    {
      "task_id": "feature-01",
      "research_score": 4.166666666666667,
      "no_research_score": 3.8333333333333335,
      "delta": 0.3333333333333335,
      "winner": "research"
    },
    {
      "task_id": "fixer-01",
      "research_score": 4.833333333333333,
      "no_research_score": 4.5,
      "delta": 0.33333333333333304,
      "winner": "research"
    },
    {
      "task_id": "testing-01",
      "research_score": 5,
      "no_research_score": 4,
      "delta": 1,
      "winner": "research"
    }
  ],
  "significance": {
    "mean_delta": 0.5555555555555555,
    "stdev": 0.3849001794597506,
    "n": 3,
    "t_statistic": 2.499999999999999,
    "p_approx": 0.05,
    "significant": false,
    "message": "t(2)=2.500, p\u22480.050"
  }
}